canonical_id,year,seq,suffix,published,source,source_url,wayback_timestamp,local_path,sha256,bytes,pages,low_confidence,fetched_at
2021-041,2021,41,,,wayback,https://web.archive.org/web/20211022021758id_/https://loteriasdepuertorico.pr.gov/wp-content/uploads/2021/10/Lista-Oficial-Web-411.pdf,20211022021758,pdfs/2021/Lista-Oficial-Web-411.pdf,8cca33382da5ba983ccc45fefed08418a4761f4426de3d23cea5aaaffb3e93a6,3583828,2,False,2026-08-11T01:10:38+00:00
2022-043,2022,43,,,wayback,https://web.archive.org/web/20230424214817id_/https://loteriasdepuertorico.pr.gov/wp-content/uploads/2022/11/Lista-Oficial-Web-432.pdf,20230424214817,pdfs/2022/Lista-Oficial-Web-432.pdf,b3f9866fd90a1a97eb20aef4ab193fe9b19cc43d9e74d5b05a64306c3b622f44,6733078,2,False,2026-08-11T01:11:48+00:00
2022-044,2022,44,,,wayback,https://web.archive.org/web/20230424214749id_/https://loteriasdepuertorico.pr.gov/wp-content/uploads/2022/11/Lista-Oficial-Web-442.pdf,20230424214749,pdfs/2022/Lista-Oficial-Web-442.pdf,2b17d39274984364ccc5e07ba1fb8dbea880c532099474210eeb6c18a2738c01,6609971,2,False,2026-08-11T01:11:53+00:00
2022-045,2022,45,,,wayback,https://web.archive.org/web/20230424214730id_/https://loteriasdepuertorico.pr.gov/wp-content/uploads/2022/11/Lista-Oficial-Web-452.pdf,20230424214730,pdfs/2022/Lista-Oficial-Web-452.pdf,7bd7c3f4a2aa203a4d6501b65c249ee8b04a1f273ee88eed636581da22de0320,6683743,2,False,2026-08-11T01:12:00+00:00
2022-046,2022,46,,,wayback,https://web.archive.org/web/20230424214721id_/https://loteriasdepuertorico.pr.gov/wp-content/uploads/2022/11/Lista-Oficial-Web-462.pdf,20230424214721,pdfs/2022/Lista-Oficial-Web-462.pdf,f32fba67dcdf13a45ad7cb985a0513c68707f03f12d4ace8d743a1581423b375,6688592,2,False,2026-08-11T01:12:06+00:00
2022-047,2022,47,,,wayback,https://web.archive.org/web/20230424214652id_/https://loteriasdepuertorico.pr.gov/wp-content/uploads/2022/12/Lista-Oficial-Web-472-4.pdf,20230424214652,pdfs/2022/Lista-Oficial-Web-472-4.pdf,47170c1f19847d0f1e7ce99276f98845704c833f625ba4af495077fd936da127,7323254,2,True,2026-08-11T01:12:15+00:00
2022-048,2022,48,,,wayback,https://web.archive.org/web/20230424204201id_/https://loteriasdepuertorico.pr.gov/wp-content/uploads/2022/12/Lista-Oficial-Web-482.pdf,20230424204201,pdfs/2022/Lista-Oficial-Web-482.pdf,6ad18cbefbf67008567d1b2c7321911992714acc210c5d549878c6d9adde0cf0,4574992,2,False,2026-08-11T01:12:19+00:00
2022-049,2022,49,,,wayback,https://web.archive.org/web/20230424204146id_/https://loteriasdepuertorico.pr.gov/wp-content/uploads/2022/12/Lista-Oficial-Web-492.pdf,20230424204146,pdfs/2022/Lista-Oficial-Web-492.pdf,a014ad8f2376ec4fb75b8ea4ab27e5110f4cb577e9be5d0ab1aaafbe78290292,4410497,2,False,2026-08-11T01:12:24+00:00
2022-050S,2022,50,S,,wayback,https://web.archive.org/web/20230424204132id_/https://loteriasdepuertorico.pr.gov/wp-content/uploads/2022/12/Lista-Oficial-Web-502S.pdf,20230424204132,pdfs/2022/Lista-Oficial-Web-502S.pdf,5db6b429f7b3b400e45516cfdd3d880c2320ab7ac30b9d32d6f4fae661c7d6c3,3748373,2,False,2026-08-11T01:12:27+00:00
2022-051,2022,51,,,wayback,https://web.archive.org/web/20230424204126id_/https://loteriasdepuertorico.pr.gov/wp-content/uploads/2022/12/Lista-Oficial-Web-512.pdf,20230424204126,pdfs/2022/Lista-Oficial-Web-512.pdf,316bf66cdf2ce599a5aa627f6e592b49b433de3e9b4b391b177c9db6a2fe5366,4441546,2,False,2026-08-11T01:12:31+00:00
2023-001,2023,1,,,wayback,https://web.archive.org/web/20230424204110id_/https://loteriasdepuertorico.pr.gov/wp-content/uploads/2023/01/Lista-Oficial-Web-013.pdf,20230424204110,pdfs/2023/Lista-Oficial-Web-013.pdf,ee361339bc20fdf3504eee4341ffa7cf28663fc6f5948015a709f8fae21fc2c1,4192204,2,False,2026-08-11T01:12:36+00:00
2023-002,2023,2,,,wayback,https://web.archive.org/web/20230424204058id_/https://loteriasdepuertorico.pr.gov/wp-content/uploads/2023/01/Lista-Oficial-Web-023.pdf,20230424204058,pdfs/2023/Lista-Oficial-Web-023.pdf,b76e54c80ad93f1734b9b043d70bd81b41c55ebe886e5fda2c7f6e335a5bfdff,4194819,2,False,2026-08-11T01:12:40+00:00
2023-003,2023,3,,,wayback,https://web.archive.org/web/20230424204045id_/https://loteriasdepuertorico.pr.gov/wp-content/uploads/2023/01/Lista-Oficial-Web-033.pdf,20230424204045,pdfs/2023/Lista-Oficial-Web-033.pdf,5d6e62608e6acd477aa7c7bcbe9a941624d6a2dc12c765b9e136f6bc67708698,4173875,2,False,2026-08-11T01:12:45+00:00
2023-004,2023,4,,,wayback,https://web.archive.org/web/20230424204026id_/https://loteriasdepuertorico.pr.gov/wp-content/uploads/2023/01/Lista-Oficial-Web-043.pdf,20230424204026,pdfs/2023/Lista-Oficial-Web-043.pdf,aa42b7febdc7c1a86aad47e825b05b9ff7918843a358e435435cd8304da25e1a,4037332,2,False,2026-08-11T01:12:56+00:00
2023-005,2023,5,,,wayback,https://web.archive.org/web/20230424204000id_/https://loteriasdepuertorico.pr.gov/wp-content/uploads/2023/02/Lista-Oficial-Web-053.pdf,20230424204000,pdfs/2023/Lista-Oficial-Web-053.pdf,54b6b7f71ef33d9f80c038186147dc51784e06aaf613f9e2c92ff5311bccffaf,5551098,2,False,2026-08-11T01:13:01+00:00
2023-006S,2023,6,S,,wayback,https://web.archive.org/web/20230424203931id_/https://loteriasdepuertorico.pr.gov/wp-content/uploads/2023/02/Lista-Oficial-Web-063S.pdf,20230424203931,pdfs/2023/Lista-Oficial-Web-063S.pdf,c6586ff730e7c6c6aa3a78e4eccaa46bf9ba8b007bf9359e2d8a852ac00cac1b,8547855,2,False,2026-08-11T01:13:13+00:00
2023-007,2023,7,,,wayback,https://web.archive.org/web/20230424203914id_/https://loteriasdepuertorico.pr.gov/wp-content/uploads/2023/02/Lista-Oficial-Web-073.pdf,20230424203914,pdfs/2023/Lista-Oficial-Web-073.pdf,4afb77c950c57aa3550e78a848835b1433d3fd7cd6ded03a5859d7284c2b6c6a,5555993,2,False,2026-08-11T01:13:18+00:00
2023-008,2023,8,,,wayback,https://web.archive.org/web/20230424182508id_/https://loteriasdepuertorico.pr.gov/wp-content/uploads/2023/02/Lista-Oficial-Web-083.pdf,20230424182508,pdfs/2023/Lista-Oficial-Web-083.pdf,2f04173d32ed68315bb906dc56ed5360565c4f75ede57745f78e333ded078b65,5543429,2,False,2026-08-11T01:13:24+00:00
2023-009,2023,9,,,wayback,https://web.archive.org/web/20230424182452id_/https://loteriasdepuertorico.pr.gov/wp-content/uploads/2023/03/Lista-Oficial-Web-093.pdf,20230424182452,pdfs/2023/Lista-Oficial-Web-093.pdf,a82e48c6861bc1c044849c4d08566cb5f69161ee964c1ab1b9041cff31a77e0f,4085971,2,False,2026-08-11T01:13:29+00:00
2023-010,2023,10,,,wayback,https://web.archive.org/web/20230424172126id_/https://loteriasdepuertorico.pr.gov/wp-content/uploads/2023/03/Lista-Oficial-Web-103.pdf,20230424172126,pdfs/2023/Lista-Oficial-Web-103.pdf,b0c871497fddd3be0682fed52cc940065548e925965e1a2d74f89cbae1f21365,4048592,2,False,2026-08-11T01:13:36+00:00
2023-011,2023,11,,,wayback,https://web.archive.org/web/20230424161547id_/https://loteriasdepuertorico.pr.gov/wp-content/uploads/2023/03/Lista-Oficial-Web-113.pdf,20230424161547,pdfs/2023/Lista-Oficial-Web-113.pdf,02cf789c03594ef4362f85f4ab746f68f4838c91d57eb117f4cfa8ab62bb9b42,3887719,2,False,2026-08-11T01:13:43+00:00
2023-012,2023,12,,,wayback,https://web.archive.org/web/20230424161530id_/https://loteriasdepuertorico.pr.gov/wp-content/uploads/2023/03/Lista-Oficial-Web-123.pdf,20230424161530,pdfs/2023/Lista-Oficial-Web-123.pdf,e8b8b334b275d0b45701a79323457347bd7109514eb43738a49a30d6d733861b,3937070,2,False,2026-08-11T01:13:57+00:00
2023-013,2023,13,,,wayback,https://web.archive.org/web/20230424161510id_/https://loteriasdepuertorico.pr.gov/wp-content/uploads/2023/03/Lista-Oficial-Web-133.pdf,20230424161510,pdfs/2023/Lista-Oficial-Web-133.pdf,7f67eea79e87e48263033d6ee0adfff0ca4fc163861fd896b6c245f07291379c,4045641,2,False,2026-08-11T01:14:08+00:00
2023-014,2023,14,,,wayback,https://web.archive.org/web/20230424161455id_/https://loteriasdepuertorico.pr.gov/wp-content/uploads/2023/04/Lista-Oficial-Web-143.pdf,20230424161455,pdfs/2023/Lista-Oficial-Web-143.pdf,c97dc2381f0ac86368f05209d1bb1161ffde00cc2693163a4f2009efaca459a0,3982485,2,False,2026-08-11T01:14:20+00:00
2023-015,2023,15,,,wayback,https://web.archive.org/web/20230424161436id_/https://loteriasdepuertorico.pr.gov/wp-content/uploads/2023/04/Lista-Oficial-Web-153.pdf,20230424161436,pdfs/2023/Lista-Oficial-Web-153.pdf,1436507c10b6d1bf47ad98484f132d2dbaca8ce407ea0cebbca7e09de6a644f0,4012280,2,False,2026-08-11T01:14:30+00:00
2023-016,2023,16,,,wayback,https://web.archive.org/web/20230625030710id_/https://loteriasdepuertorico.pr.gov/wp-content/uploads/2023/04/Lista-Oficial-Web-163.pdf,20230625030710,pdfs/2023/Lista-Oficial-Web-163.pdf,1b0158bfcd26fce23b3b705430caf832c4ddbb8a925ba8b8f2db9addf310d855,3965574,2,False,2026-08-11T01:14:39+00:00
2023-017,2023,17,,,wayback,https://web.archive.org/web/20230625030638id_/https://loteriasdepuertorico.pr.gov/wp-content/uploads/2023/04/Lista-Oficial-Web-173.pdf,20230625030638,pdfs/2023/Lista-Oficial-Web-173.pdf,a1d8c59d4ecff1391fe0fe8f38ea38e3d4a342b2870e0a62e603806c782affd7,4196857,2,False,2026-08-11T01:14:46+00:00
2023-018,2023,18,,,wayback,https://web.archive.org/web/20230625030610id_/https://loteriasdepuertorico.pr.gov/wp-content/uploads/2023/05/Lista-Oficial-Web-183.pdf,20230625030610,pdfs/2023/Lista-Oficial-Web-183.pdf,8ecb1b1541cf7c95013c86118c05a492ece10b62d35959fa1d2754c4ac3c5faa,4149762,2,False,2026-08-11T01:14:52+00:00
2023-019,2023,19,,,wayback,https://web.archive.org/web/20230625030558id_/https://loteriasdepuertorico.pr.gov/wp-content/uploads/2023/05/Lista-Oficial-Web-193.pdf,20230625030558,pdfs/2023/Lista-Oficial-Web-193.pdf,cb1b3362aef3784db74234f0ec8306b031bc1f3a9c444211e8e785fd78052a96,3653679,2,False,2026-08-11T01:14:58+00:00
2023-020,2023,20,,,wayback,https://web.archive.org/web/20230625030529id_/https://loteriasdepuertorico.pr.gov/wp-content/uploads/2023/05/Lista-Oficial-Web-203.pdf,20230625030529,pdfs/2023/Lista-Oficial-Web-203.pdf,772b790b07ae9a29125e33b150d5d05cff77956466e05c615123fe439fb629ef,4044726,2,False,2026-08-11T01:15:09+00:00
2023-021,2023,21,,,wayback,https://web.archive.org/web/20230625030501id_/https://loteriasdepuertorico.pr.gov/wp-content/uploads/2023/05/Lista-Oficial-Web-213.pdf,20230625030501,pdfs/2023/Lista-Oficial-Web-213.pdf,15256f8fec30ce131bad38a6ca4d7c2d70352833342c40b11297d7b161370c5d,3628841,2,False,2026-08-11T01:15:16+00:00
2023-022,2023,22,,,wayback,https://web.archive.org/web/20230625030429id_/https://loteriasdepuertorico.pr.gov/wp-content/uploads/2023/06/Lista-Oficial-Web-223.pdf,20230625030429,pdfs/2023/Lista-Oficial-Web-223.pdf,9690b7d0c683f78106a13f8ecf7cb37b462b855c6b27a2cd0b3f17be7a6b3968,3756673,2,False,2026-08-11T01:15:24+00:00
2023-023,2023,23,,,wayback,https://web.archive.org/web/20230625030411id_/https://loteriasdepuertorico.pr.gov/wp-content/uploads/2023/06/Lista-Oficial-Web-233.pdf,20230625030411,pdfs/2023/Lista-Oficial-Web-233.pdf,7216c606ae944e3551ae8a8a5ca08a739d1ad03da92d6f58654d57af1d911570,3912082,2,False,2026-08-11T01:15:29+00:00
2023-024,2023,24,,,wayback,https://web.archive.org/web/20230625013319id_/https://loteriasdepuertorico.pr.gov/wp-content/uploads/2023/06/Lista-Oficial-Web-243.pdf,20230625013319,pdfs/2023/Lista-Oficial-Web-243.pdf,f88e608adfb8ebf7e83d0dc7eef1a8b60a0081532999677bef5bbb1652e4deb9,3851851,2,False,2026-08-11T01:15:37+00:00
2023-025,2023,25,,,wayback,https://web.archive.org/web/20230813113904id_/https://loteriasdepuertorico.pr.gov/wp-content/uploads/2023/06/Lista-Oficial-Web-253.pdf,20230813113904,pdfs/2023/Lista-Oficial-Web-253.pdf,ba432c11c8f7752913350d6547619b7ede322e169dec3ed056a888de7c00d582,3754861,2,False,2026-08-11T01:15:45+00:00
2023-026,2023,26,,,wayback,https://web.archive.org/web/20230813113848id_/https://loteriasdepuertorico.pr.gov/wp-content/uploads/2023/06/Lista-Oficial-Web-263.pdf,20230813113848,pdfs/2023/Lista-Oficial-Web-263.pdf,34db17941837e09e026d454c9a710837e83fff284129705722043bbffacc1662,3509801,2,False,2026-08-11T01:15:50+00:00
2023-027S,2023,27,S,,wayback,https://web.archive.org/web/20230813113832id_/https://loteriasdepuertorico.pr.gov/wp-content/uploads/2023/07/Lista-Oficial-Web-273S.pdf,20230813113832,pdfs/2023/Lista-Oficial-Web-273S.pdf,bb8d067c1ccdcb8478f89fd73a370867443ec455c83190077eabb08a140ca377,3736599,2,False,2026-08-11T01:15:58+00:00
2023-028,2023,28,,,wayback,https://web.archive.org/web/20230813113819id_/https://loteriasdepuertorico.pr.gov/wp-content/uploads/2023/07/Lista-Oficial-Web-2831.pdf,20230813113819,pdfs/2023/Lista-Oficial-Web-2831.pdf,7208bbfc468d7b4cc3492712ddefc153dde9cd8d5da24ff326731828b018cef4,3289943,2,True,2026-08-11T01:16:04+00:00
2023-035,2023,35,,,wayback,https://web.archive.org/web/20240218131436id_/https://loteriasdepuertorico.pr.gov/wp-content/uploads/2023/08/Lista-Oficial-Web-353.pdf,20240218131436,pdfs/2023/Lista-Oficial-Web-353.pdf,5514e39870d80cce4efb843f74062a1ee50da5785076e049d8113c711f9e6780,3850749,2,False,2026-08-11T01:16:17+00:00
2023-036,2023,36,,,wayback,https://web.archive.org/web/20240228081639id_/https://loteriasdepuertorico.pr.gov/wp-content/uploads/2023/09/Lista-Oficial-Web-363.pdf,20240228081639,pdfs/2023/Lista-Oficial-Web-363.pdf,2d84493a23ab4ec01b6373f280f36c45986d1faa5d8ff0aa19ad09578b7a970b,3956399,2,False,2026-08-11T01:16:25+00:00
2023-037,2023,37,,,wayback,https://web.archive.org/web/20240217122334id_/https://loteriasdepuertorico.pr.gov/wp-content/uploads/2023/09/Lista-Oficial-Web-373.pdf,20240217122334,pdfs/2023/Lista-Oficial-Web-373.pdf,7961703898e0def330bf92bd1c3ffa25ef07d81563c998e2e0b7f3f293c0a62a,3842920,2,False,2026-08-11T01:16:44+00:00
2023-046,2023,46,,,wayback,https://web.archive.org/web/20240220082456id_/https://loteriasdepuertorico.pr.gov/wp-content/uploads/2023/11/Lista-Oficial-Web-463.pdf,20240220082456,pdfs/2023/Lista-Oficial-Web-463.pdf,901e9e04f246d76ab23e1e503152f9fddaa0b760b74fdd4e6fd2b40a744a73bd,3265445,2,False,2026-08-11T01:16:54+00:00
2024-002,2024,2,,,wayback,https://web.archive.org/web/20240715091138id_/https://loteriasdepuertorico.pr.gov/wp-content/uploads/2024/01/Lista-Oficial-Web-024.pdf,20240715091138,pdfs/2024/Lista-Oficial-Web-024.pdf,edbbb0b179a7903eff39c00c95a4d6dfd1de8796f59954d5fc9c11fbd65bf6b9,7365266,2,False,2026-08-11T01:17:12+00:00
2024-003,2024,3,,,wayback,https://web.archive.org/web/20240716095555id_/https://loteriasdepuertorico.pr.gov/wp-content/uploads/2024/01/Lista-Oficial-Web-034.pdf,20240716095555,pdfs/2024/Lista-Oficial-Web-034.pdf,d64270dc8f8943e767b8a136a4552678ec316ca12ce5a8bee26ab109a02cecdd,7608835,2,False,2026-08-11T01:17:27+00:00
2024-004,2024,4,,,wayback,https://web.archive.org/web/20240715133309id_/https://loteriasdepuertorico.pr.gov/wp-content/uploads/2024/01/Lista-Oficial-Web-044.pdf,20240715133309,pdfs/2024/Lista-Oficial-Web-044.pdf,1fa9ed87811a6ba03fb168207afb4a9285355e2e4a9598ed180d6a59993df738,3415745,2,False,2026-08-11T01:17:37+00:00
2024-005,2024,5,,,wayback,https://web.archive.org/web/20240714105457id_/https://loteriasdepuertorico.pr.gov/wp-content/uploads/2024/02/Lista-Oficial-Web-054.pdf,20240714105457,pdfs/2024/Lista-Oficial-Web-054.pdf,272c706f8588fe1d98643dbb53b41a70d462118976559e48b247861594a25dd3,3429952,2,False,2026-08-11T01:17:46+00:00
2024-006S,2024,6,S,,wayback,https://web.archive.org/web/20240715045208id_/https://loteriasdepuertorico.pr.gov/wp-content/uploads/2024/02/Lista-Oficial-Web-064S.pdf,20240715045208,pdfs/2024/Lista-Oficial-Web-064S.pdf,5981cf696cef52d39a2917b9132c8fbec59b74254055628ccae970651b55ccf5,4553117,2,False,2026-08-11T01:17:53+00:00
2024-007,2024,7,,,wayback,https://web.archive.org/web/20240517185924id_/https://loteriasdepuertorico.pr.gov/wp-content/uploads/2024/02/Lista-Oficial-Web-074.pdf,20240517185924,pdfs/2024/Lista-Oficial-Web-074.pdf,e50d8a847ab876e18781228395faed53873157cd6c8229caf4d6feb49522f5fd,3447642,2,False,2026-08-11T01:17:57+00:00
2024-008,2024,8,,,wayback,https://web.archive.org/web/20240531072727id_/https://loteriasdepuertorico.pr.gov/wp-content/uploads/2024/02/Lista-Oficial-Web-084.pdf,20240531072727,pdfs/2024/Lista-Oficial-Web-084.pdf,e43e643bf739db67eec9543ffb964c542508d5333e1e94eba88bb06206413330,3334499,2,False,2026-08-11T01:18:00+00:00
2024-009,2024,9,,,wayback,https://web.archive.org/web/20240519083247id_/https://loteriasdepuertorico.pr.gov/wp-content/uploads/2024/02/Lista-Oficial-Web-094.pdf,20240519083247,pdfs/2024/Lista-Oficial-Web-094.pdf,c23315f77217a6c9145221e9f81eb3a6cc9ef0248e102b2f311e1b3b503fb298,3274657,2,False,2026-08-11T01:18:07+00:00
2024-010,2024,10,,,wayback,https://web.archive.org/web/20240517165930id_/https://loteriasdepuertorico.pr.gov/wp-content/uploads/2024/03/Lista-Oficial-Web-104.pdf,20240517165930,pdfs/2024/Lista-Oficial-Web-104.pdf,f2daf6ec339158832b67c0bed7933a25802e195aa3764acf501323510f0186e3,3383357,2,False,2026-08-11T01:18:11+00:00
2024-011,2024,11,,,wayback,https://web.archive.org/web/20240519181533id_/https://loteriasdepuertorico.pr.gov/wp-content/uploads/2024/03/Lista-Oficial-Web-114.pdf,20240519181533,pdfs/2024/Lista-Oficial-Web-114.pdf,3008c1591e1f9eef40eb2b22e003003624028dcdbed6255c1edb0b4c961bdff5,3533744,2,False,2026-08-11T01:18:19+00:00
2024-012,2024,12,,,wayback,https://web.archive.org/web/20240520060508id_/https://loteriasdepuertorico.pr.gov/wp-content/uploads/2024/03/Lista-Oficial-Web-124.pdf,20240520060508,pdfs/2024/Lista-Oficial-Web-124.pdf,6bc1a91c1d190aaa9429024b3d89de25d8be881d7ec5d5136a90710e01d8667a,3493971,2,False,2026-08-11T01:18:25+00:00
2024-013,2024,13,,,wayback,https://web.archive.org/web/20240520205256id_/https://loteriasdepuertorico.pr.gov/wp-content/uploads/2024/03/Lista-Oficial-Web-134.pdf,20240520205256,pdfs/2024/Lista-Oficial-Web-134.pdf,17284817f1f899684484adf3c383ce012f33d1b26e68e99c3fb8dea07a9dc2f7,3424938,2,False,2026-08-11T01:18:31+00:00
2024-015,2024,15,,,wayback,https://web.archive.org/web/20240810225131id_/https://loteriasdepuertorico.pr.gov/wp-content/uploads/2024/04/Lista-Oficial-Web-154.pdf,20240810225131,pdfs/2024/Lista-Oficial-Web-154.pdf,57b0c8dc561a0aa5e961cca981c2f096b45f629fbb4222eca1d64a76a37eb5a1,3418250,2,False,2026-08-11T01:18:40+00:00
2024-016,2024,16,,,wayback,https://web.archive.org/web/20240810225127id_/https://loteriasdepuertorico.pr.gov/wp-content/uploads/2024/04/Lista-Oficial-Web-164.pdf,20240810225127,pdfs/2024/Lista-Oficial-Web-164.pdf,c0813a3985d5c0de06a662ca0d6d477a5a8676abb53076812c64eff68a029536,3424467,2,False,2026-08-11T01:18:45+00:00
2024-017,2024,17,,,wayback,https://web.archive.org/web/20240810225122id_/https://loteriasdepuertorico.pr.gov/wp-content/uploads/2024/04/Lista-Oficial-Web-174.pdf,20240810225122,pdfs/2024/Lista-Oficial-Web-174.pdf,9dad619a740cbb659632907b03f1b2dedcc6138b5a7aa11ea04d0fde0fdea884,3413162,2,False,2026-08-11T01:18:49+00:00
2024-018,2024,18,,,wayback,https://web.archive.org/web/20240810225115id_/https://loteriasdepuertorico.pr.gov/wp-content/uploads/2024/05/Lista-Oficial-Web-184.pdf,20240810225115,pdfs/2024/Lista-Oficial-Web-184.pdf,8265113a48860989ae78f5d7068e0d10a4f6c7af042c9c3bc96bdcf2917d09d0,3489245,2,False,2026-08-11T01:18:55+00:00
2024-019,2024,19,,,wayback,https://web.archive.org/web/20240810225110id_/https://loteriasdepuertorico.pr.gov/wp-content/uploads/2024/05/Lista-Oficial-Web-194.pdf,20240810225110,pdfs/2024/Lista-Oficial-Web-194.pdf,670d821059d08c36f08bb93054ff7db84f9dc2a2147702f3a5d36dbcbf67e0ed,3313190,2,False,2026-08-11T01:19:03+00:00
2024-020,2024,20,,,wayback,https://web.archive.org/web/20240810225107id_/https://loteriasdepuertorico.pr.gov/wp-content/uploads/2024/05/Lista-Oficial-Web-204.pdf,20240810225107,pdfs/2024/Lista-Oficial-Web-204.pdf,ec7e80ca436eb1fa29c604d4401aafb00d5fda7deb72b9b8c1cea7f4a48b9b5e,3403852,2,False,2026-08-11T01:19:08+00:00
2024-021,2024,21,,,wayback,https://web.archive.org/web/20240810225103id_/https://loteriasdepuertorico.pr.gov/wp-content/uploads/2024/05/Lista-Oficial-Web-214.pdf,20240810225103,pdfs/2024/Lista-Oficial-Web-214.pdf,b4de9fa62a0d3a46457914a2ef28ef312fa00a3aad2ecb9b94c382b9ac6ae091,3357169,2,False,2026-08-11T01:19:13+00:00
2024-022,2024,22,,,wayback,https://web.archive.org/web/20240810225059id_/https://loteriasdepuertorico.pr.gov/wp-content/uploads/2024/05/Lista-Oficial-Web-224.pdf,20240810225059,pdfs/2024/Lista-Oficial-Web-224.pdf,676365ba2dddf5db3a09963d7e86aa67ff0238f494bf61732922741c4bb7a305,3381964,2,False,2026-08-11T01:19:16+00:00
2024-023,2024,23,,,wayback,https://web.archive.org/web/20240810225054id_/https://loteriasdepuertorico.pr.gov/wp-content/uploads/2024/06/Lista-Oficial-Web-234.pdf,20240810225054,pdfs/2024/Lista-Oficial-Web-234.pdf,5af655a8e7e20acc409f24cab82aca0176e2cb1d722f0c25bfa69cb21617e7a3,3437548,2,False,2026-08-11T01:19:19+00:00
2024-024,2024,24,,,wayback,https://web.archive.org/web/20240810225052id_/https://loteriasdepuertorico.pr.gov/wp-content/uploads/2024/06/Lista-Oficial-Web-244.pdf,20240810225052,pdfs/2024/Lista-Oficial-Web-244.pdf,6b301c3d4f20d2c0aa877274f61aba884e5ba4a95b69142eb8b719ffccae054f,3508081,2,False,2026-08-11T01:19:23+00:00
2024-025,2024,25,,,wayback,https://web.archive.org/web/20240810225048id_/https://loteriasdepuertorico.pr.gov/wp-content/uploads/2024/06/Lista-Oficial-Web-254.pdf,20240810225048,pdfs/2024/Lista-Oficial-Web-254.pdf,29378a0adbbc46b7b251d59b84eef5fe7624d1d2ad08c8de756063278863d0f4,3399636,2,False,2026-08-11T01:19:26+00:00
2024-026,2024,26,,,wayback,https://web.archive.org/web/20240810225035id_/https://loteriasdepuertorico.pr.gov/wp-content/uploads/2024/06/Lista-Oficial-Web-264.pdf,20240810225035,pdfs/2024/Lista-Oficial-Web-264.pdf,fea1689bf46245cf1715b17103a985146feb04722a596221f62ef4209b6ccb0f,3393669,2,False,2026-08-11T01:19:30+00:00
2024-027S,2024,27,S,,wayback,https://web.archive.org/web/20240810225031id_/https://loteriasdepuertorico.pr.gov/wp-content/uploads/2024/07/Lista-Oficial-Web-274S.pdf,20240810225031,pdfs/2024/Lista-Oficial-Web-274S.pdf,9be901ebb7445aba493f24a721b1a2f09bd47f1baf51f4e5d6dde3e5398d3d23,4438718,2,False,2026-08-11T01:19:34+00:00
2024-028,2024,28,,,wayback,https://web.archive.org/web/20240810225026id_/https://loteriasdepuertorico.pr.gov/wp-content/uploads/2024/07/Lista-Oficial-Web-284.pdf,20240810225026,pdfs/2024/Lista-Oficial-Web-284.pdf,35e3ab430f460ae49ab3be8362dbdf17165143e1a6748fd66368aa0a37ebacd5,3407336,2,False,2026-08-11T01:19:39+00:00
2024-029,2024,29,,,wayback,https://web.archive.org/web/20240810225021id_/https://loteriasdepuertorico.pr.gov/wp-content/uploads/2024/07/Lista-Oficial-Web-294.pdf,20240810225021,pdfs/2024/Lista-Oficial-Web-294.pdf,dded25f34a33385f4c321cfdb47bd94f7e5b4a8ed2b002fa389a9eed6ed2d4e5,3462108,2,False,2026-08-11T01:19:44+00:00
2024-030,2024,30,,,wayback,https://web.archive.org/web/20240810225017id_/https://loteriasdepuertorico.pr.gov/wp-content/uploads/2024/07/Lista-Oficial-Web-304.pdf,20240810225017,pdfs/2024/Lista-Oficial-Web-304.pdf,c9002064eb4c342ae16ce621178888111846903fdeb3d471f0000752576b3026,3599863,2,False,2026-08-11T01:19:51+00:00
2024-031,2024,31,,,wayback,https://web.archive.org/web/20240810225013id_/https://loteriasdepuertorico.pr.gov/wp-content/uploads/2024/08/Lista-Oficial-Web-314.pdf,20240810225013,pdfs/2024/Lista-Oficial-Web-314.pdf,ec2f1342774e17c4ba0a8a9317c8db48855c36050023605d624bca9f3487f902,3540703,2,False,2026-08-11T01:19:58+00:00
2024-032,2024,32,,,wayback,https://web.archive.org/web/20240810225009id_/https://loteriasdepuertorico.pr.gov/wp-content/uploads/2024/08/Lista-Oficial-Web-324.pdf,20240810225009,pdfs/2024/Lista-Oficial-Web-324.pdf,529938e9bbba400076fd589317d4ffcaea5e541fe172c76ff4bb154f96f4334c,3368000,2,False,2026-08-11T01:20:02+00:00
2024-050,2024,50,,,wayback,https://web.archive.org/web/20250404140855id_/https://loteriasdepuertorico.pr.gov/wp-content/uploads/2024/12/Lista-Oficial-Web-504.pdf,20250404140855,pdfs/2024/Lista-Oficial-Web-504.pdf,e61f893d16cd1525f0ba4e0e59a783e7dfda7e64e27e1cd4a6ae06b2fdee9be6,3434945,2,False,2026-08-11T01:20:16+00:00
2024-051S,2024,51,S,,wayback,https://web.archive.org/web/20250403144603id_/https://loteriasdepuertorico.pr.gov/wp-content/uploads/2024/12/Lista-Oficial-Web-514S.pdf,20250403144603,pdfs/2024/Lista-Oficial-Web-514S.pdf,06825bb2b7e5f32da0da85a237169241c8aaa7976ca5e78b82a16e1cecee75c7,4584920,2,False,2026-08-11T01:20:20+00:00
2024-052,2024,52,,,wayback,https://web.archive.org/web/20250414020544id_/https://loteriasdepuertorico.pr.gov/wp-content/uploads/2024/12/Lista-Oficial-Web-524.pdf,20250414020544,pdfs/2024/Lista-Oficial-Web-524.pdf,9435722ffebf3309b9628836767bc7fba7995dc543b5af7188107ab957dc12fb,3477890,2,False,2026-08-11T01:20:23+00:00
2025-001,2025,1,,,wayback,https://web.archive.org/web/20250403185856id_/https://loteriasdepuertorico.pr.gov/wp-content/uploads/2025/01/Lista-Oficial-Web-015.pdf,20250403185856,pdfs/2025/Lista-Oficial-Web-015.pdf,e0a7cff3dda11363099fc442059d6a2b30b826db135fde2207f80e99f46ddc3d,3545262,2,False,2026-08-11T01:20:28+00:00
2025-002,2025,2,,,wayback,https://web.archive.org/web/20250413234849id_/https://loteriasdepuertorico.pr.gov/wp-content/uploads/2025/01/Lista-Oficial-Web-025.pdf,20250413234849,pdfs/2025/Lista-Oficial-Web-025.pdf,1dbd48d4ad2767b04eac1fbbb819cf60cd47c671ce3fc09439008a31516ff26c,3377964,2,False,2026-08-11T01:20:39+00:00
2025-003,2025,3,,,wayback,https://web.archive.org/web/20250528064955id_/https://loteriasdepuertorico.pr.gov/wp-content/uploads/2025/01/Lista-Oficial-Web-035.pdf,20250528064955,pdfs/2025/Lista-Oficial-Web-035.pdf,0e7ba00ec74413b08509716d64c7916558f8bf66335e9d0a4d9370f9ecab97bc,3270688,2,False,2026-08-11T01:20:44+00:00
2025-005,2025,5,,,wayback,https://web.archive.org/web/20250528064951id_/https://loteriasdepuertorico.pr.gov/wp-content/uploads/2025/01/Lista-Oficial-Web-055.pdf,20250528064951,pdfs/2025/Lista-Oficial-Web-055.pdf,cf4ebe0000de429da3e818e9c2efd2b260ab5eab0d92f2899a3504cd35771ffd,3316511,2,False,2026-08-11T01:20:49+00:00
2025-006,2025,6,,,wayback,https://web.archive.org/web/20250325141331id_/https://loteriasdepuertorico.pr.gov/wp-content/uploads/2025/02/Lista-Oficial-Web-065.pdf,20250325141331,pdfs/2025/Lista-Oficial-Web-065.pdf,d9ae0beb2c6536b91ff44163110ee2620818c4eb280bf66afa932867ad31ebe5,3574089,2,False,2026-08-11T01:20:56+00:00
2025-007S,2025,7,S,,wayback,https://web.archive.org/web/20250325162702id_/https://loteriasdepuertorico.pr.gov/wp-content/uploads/2025/02/Lista-Oficial-Web-075S.pdf,20250325162702,pdfs/2025/Lista-Oficial-Web-075S.pdf,bb83762f9dc1d4542147d2bdc0bba9c569879afd0ec2d7b384b16ca85ad00c47,3393280,2,False,2026-08-11T01:21:02+00:00
2025-008,2025,8,,,wayback,https://web.archive.org/web/20250325151011id_/https://loteriasdepuertorico.pr.gov/wp-content/uploads/2025/02/Lista-Oficial-Web-085.pdf,20250325151011,pdfs/2025/Lista-Oficial-Web-085.pdf,3621afad2e0d7c61cf00c7bad6de345bf2b055fa6f876f2356e23fbec9fe2b89,3553235,2,False,2026-08-11T01:21:08+00:00
2025-009,2025,9,,,wayback,https://web.archive.org/web/20250325164028id_/https://loteriasdepuertorico.pr.gov/wp-content/uploads/2025/02/Lista-Oficial-Web-095.pdf,20250325164028,pdfs/2025/Lista-Oficial-Web-095.pdf,b5baa519f25bb8e9306f888f2692c8e7bd3c2646f12c1a43c1fc202f6a267e3f,3819635,2,False,2026-08-11T01:21:15+00:00
2025-010,2025,10,,,wayback,https://web.archive.org/web/20250325162440id_/https://loteriasdepuertorico.pr.gov/wp-content/uploads/2025/03/Lista-Oficial-Web-105.pdf,20250325162440,pdfs/2025/Lista-Oficial-Web-105.pdf,a0f5a39c2b492869cd4c60db83a6f8a9d9a19d96762bb81c64641e66ec021209,5043549,2,False,2026-08-11T01:21:23+00:00
2025-011,2025,11,,,wayback,https://web.archive.org/web/20250421050857id_/https://loteriasdepuertorico.pr.gov/wp-content/uploads/2025/03/Lista-Oficial-Web-115.pdf,20250421050857,pdfs/2025/Lista-Oficial-Web-115.pdf,d119423b11660a8a2f4c7b1ce92751edb8c76e92b05c4f2c56098cf3fa3745fa,5151548,2,False,2026-08-11T01:21:29+00:00
2025-012,2025,12,,,wayback,https://web.archive.org/web/20250421041713id_/https://loteriasdepuertorico.pr.gov/wp-content/uploads/2025/03/Lista-Oficial-Web-125.pdf,20250421041713,pdfs/2025/Lista-Oficial-Web-125.pdf,c16f55ce8a82fcb6c656203f4ddf8d04965e9c673201572648be452d97544311,3708908,2,False,2026-08-11T01:21:35+00:00
2025-013,2025,13,,,wayback,https://web.archive.org/web/20250421054435id_/https://loteriasdepuertorico.pr.gov/wp-content/uploads/2025/03/Lista-Oficial-Web-135.pdf,20250421054435,pdfs/2025/Lista-Oficial-Web-135.pdf,6f4875dba91d3141661009842a8f62c4296b2f60581f25d546ddf26532bafac2,3684996,2,False,2026-08-11T01:21:43+00:00
2025-014S,2025,14,S,,wayback,https://web.archive.org/web/20250421043352id_/https://loteriasdepuertorico.pr.gov/wp-content/uploads/2025/04/Lista-Oficial-Web-145S.pdf,20250421043352,pdfs/2025/Lista-Oficial-Web-145S.pdf,a76ddc223314a68dc685a27b40600b5ab3ee8819b1f7cc6fe03db531c93408ef,3631738,2,False,2026-08-11T01:21:50+00:00
2025-015,2025,15,,,wayback,https://web.archive.org/web/20250524132131id_/https://loteriasdepuertorico.pr.gov/wp-content/uploads/2025/04/Lista-Oficial-Web-155.pdf,20250524132131,pdfs/2025/Lista-Oficial-Web-155.pdf,41d2b3592b66c8701162dc245859f49ebd506b3b6c0e0c670846f61d835a3540,3430809,2,False,2026-08-11T01:21:56+00:00
2025-016,2025,16,,,wayback,https://web.archive.org/web/20250524123907id_/https://loteriasdepuertorico.pr.gov/wp-content/uploads/2025/04/Lista-Oficial-Web-165.pdf,20250524123907,pdfs/2025/Lista-Oficial-Web-165.pdf,1bc02633c7e81218fb9dbc48132ce77e4a7676029409769bbd3e48a56efdea0a,3388495,2,False,2026-08-11T01:22:02+00:00
2025-017,2025,17,,,wayback,https://web.archive.org/web/20250524115445id_/https://loteriasdepuertorico.pr.gov/wp-content/uploads/2025/04/Lista-Oficial-Web-175.pdf,20250524115445,pdfs/2025/Lista-Oficial-Web-175.pdf,f03c8dbba1094e36163edef75e88d94e32d47cc2de47536b42c7fd73caae82c1,3450439,2,False,2026-08-11T01:22:12+00:00
2025-018,2025,18,,,wayback,https://web.archive.org/web/20250524122229id_/https://loteriasdepuertorico.pr.gov/wp-content/uploads/2025/05/Lista-Oficial-Web-185.pdf,20250524122229,pdfs/2025/Lista-Oficial-Web-185.pdf,1bcd229075e363d81ff611b45997b0682c2bcc93938994a937f9af27da5f5e23,3384270,2,False,2026-08-11T01:22:22+00:00
2025-019,2025,19,,,wayback,https://web.archive.org/web/20250524134342id_/https://loteriasdepuertorico.pr.gov/wp-content/uploads/2025/05/Lista-Oficial-Web-195.pdf,20250524134342,pdfs/2025/Lista-Oficial-Web-195.pdf,460fa152ef57288f322d3c0503c13548291d3b09923308cc0c98dc5b74a7cafa,3239490,2,False,2026-08-11T01:22:28+00:00
2025-020,2025,20,,,wayback,https://web.archive.org/web/20250525204144id_/https://loteriasdepuertorico.pr.gov/wp-content/uploads/2025/05/Lista-Oficial-Web-205.pdf,20250525204144,pdfs/2025/Lista-Oficial-Web-205.pdf,92f78803377e072bb90856e4e01d48559c2172a667457356af3b3d545300d41d,3380158,2,False,2026-08-11T01:22:31+00:00
2025-021,2025,21,,,wayback,https://web.archive.org/web/20250525204134id_/https://loteriasdepuertorico.pr.gov/wp-content/uploads/2025/05/Lista-Oficial-Web-215.pdf,20250525204134,pdfs/2025/Lista-Oficial-Web-215.pdf,81d654e70de44fa4bd86fc201c681e590577794c3c85c9b2b3595ee266223e7a,3315461,2,False,2026-08-11T01:22:34+00:00
2025-022,2025,22,,,wayback,https://web.archive.org/web/20250601051932id_/https://loteriasdepuertorico.pr.gov/wp-content/uploads/2025/05/Lista-Oficial-Web-225.pdf,20250601051932,pdfs/2025/Lista-Oficial-Web-225.pdf,22bbb5a2f2172eb9235bba001e1e259a220e53c8f39ea3164e92481a42531774,3412340,2,False,2026-08-11T01:22:40+00:00
2025-023X,2025,23,X,,wayback,https://web.archive.org/web/20250625144502id_/https://loteriasdepuertorico.pr.gov/wp-content/uploads/2025/06/Lista-Oficial-Web-235X.pdf,20250625144502,pdfs/2025/Lista-Oficial-Web-235X.pdf,b2ad8a4c76b83269a07c38227a59dc89b030de2a4a464bdaa23ec823afce8a3d,3471590,2,False,2026-08-11T01:22:46+00:00
2025-024,2025,24,,,wayback,https://web.archive.org/web/20250625144459id_/https://loteriasdepuertorico.pr.gov/wp-content/uploads/2025/06/Lista-Oficial-Web-245.pdf,20250625144459,pdfs/2025/Lista-Oficial-Web-245.pdf,6a3eff2cfcd0274deae434228c3ec0057b17a958683450c8bef287e7f069fbc9,3420283,2,False,2026-08-11T01:22:51+00:00
2025-025,2025,25,,,wayback,https://web.archive.org/web/20250625144455id_/https://loteriasdepuertorico.pr.gov/wp-content/uploads/2025/06/Lista-Oficial-Web-255.pdf,20250625144455,pdfs/2025/Lista-Oficial-Web-255.pdf,2c6bcb7b6842b4737eedb4fe05e64fba26e343f9d75e35519bf324eec1210f8d,3424344,2,False,2026-08-11T01:22:57+00:00
2025-026,2025,26,,,wayback,https://web.archive.org/web/20250702090813id_/https://loteriasdepuertorico.pr.gov/wp-content/uploads/2025/06/Lista-Oficial-Web-265.pdf,20250702090813,pdfs/2025/Lista-Oficial-Web-265.pdf,49d01b473b128ef722c5626d8b4c503b8c832d16c8343d9f9fcfba7148ec7c47,3372775,2,False,2026-08-11T01:23:03+00:00
2025-027,2025,27,,,wayback,https://web.archive.org/web/20250713083432id_/https://loteriasdepuertorico.pr.gov/wp-content/uploads/2025/07/Lista-Oficial-Web-275.pdf,20250713083432,pdfs/2025/Lista-Oficial-Web-275.pdf,3ef9b74171c9f11c8e239a8b22cde265b7b97929e3f4cf359ce29375bb16dde5,3603326,2,False,2026-08-11T01:23:08+00:00
2025-028,2025,28,,,wayback,https://web.archive.org/web/20250712071756id_/https://loteriasdepuertorico.pr.gov/wp-content/uploads/2025/07/Lista-Oficial-Web-285.pdf,20250712071756,pdfs/2025/Lista-Oficial-Web-285.pdf,ca3771c71f8d8c0784bfb0a2f25848fa7b06839a5304bbfff96a780f0ad216d2,3401117,2,False,2026-08-11T01:23:17+00:00
2025-031,2025,31,,,wayback,https://web.archive.org/web/20250802163720id_/https://loteriasdepuertorico.pr.gov/wp-content/uploads/2025/07/Lista-Oficial-Web-315.pdf,20250802163720,pdfs/2025/Lista-Oficial-Web-315.pdf,deb994c5211e9a5c6e7ee6036e6317ac9637a9153e7915345704b780e3f2df73,3324669,2,False,2026-08-11T01:23:30+00:00
2025-034,2025,34,,,wayback,https://web.archive.org/web/20251005223607id_/https://loteriasdepuertorico.pr.gov/wp-content/uploads/2025/08/Lista-Oficial-Web-345.pdf,20251005223607,pdfs/2025/Lista-Oficial-Web-345.pdf,52c533886bb2329a03ca8ad0a010ae3bf3014de8f24fd05d6819a7a671f69fca,3907689,2,False,2026-08-11T01:23:38+00:00
2025-035,2025,35,,,wayback,https://web.archive.org/web/20250901091604id_/https://loteriasdepuertorico.pr.gov/wp-content/uploads/2025/08/Lista-Oficial-Web-355.pdf,20250901091604,pdfs/2025/Lista-Oficial-Web-355.pdf,87cd2e6331b5fcfb048415f70a95af8b5928187f3a8197a066a332ba69f30b6f,3454621,2,False,2026-08-11T01:23:44+00:00
2025-039,2025,39,,,wayback,https://web.archive.org/web/20251001023449id_/https://loteriasdepuertorico.pr.gov/wp-content/uploads/2025/09/Lista-Oficial-Web-395.pdf,20251001023449,pdfs/2025/Lista-Oficial-Web-395.pdf,05c32828e48a315fba76081c890db09af49f9190e1aa879062aba627508f47e9,3457326,2,False,2026-08-11T01:23:49+00:00
2025-040,2025,40,,,wayback,https://web.archive.org/web/20251005215947id_/https://loteriasdepuertorico.pr.gov/wp-content/uploads/2025/10/Lista-Oficial-Web-405.pdf,20251005215947,pdfs/2025/Lista-Oficial-Web-405.pdf,06b2e870601fa686e291f78c6ddcf10c9a5081a422284cc6723ef58bbe11d82f,3492057,2,False,2026-08-11T01:23:51+00:00
2025-042,2025,42,,,wayback,https://web.archive.org/web/20251018135904id_/https://loteriasdepuertorico.pr.gov/wp-content/uploads/2025/10/Lista-Oficial-Web-425.pdf,20251018135904,pdfs/2025/Lista-Oficial-Web-425.pdf,ee776e55d32a1301b55ad9f553ace7343c4242e65127af1309650260c671fe86,3433461,2,False,2026-08-11T01:23:54+00:00
2025-044,2025,44,,,wayback,https://web.archive.org/web/20251116082227id_/https://loteriasdepuertorico.pr.gov/wp-content/uploads/2025/10/Lista-Oficial-Web-445.pdf,20251116082227,pdfs/2025/Lista-Oficial-Web-445.pdf,29be139044b2ed35f1f3d356b2ec9fae51f400909eb53e2f1145eda409379933,3459859,2,False,2026-08-11T01:23:57+00:00
2025-045,2025,45,,,wayback,https://web.archive.org/web/20251110144927id_/https://loteriasdepuertorico.pr.gov/wp-content/uploads/2025/11/Lista-Oficial-Web-455.pdf,20251110144927,pdfs/2025/Lista-Oficial-Web-455.pdf,2d93b20f68f8cb58f41da3a4cd3b53994b78bfb271050c7eee473e4fc93b98b5,3323107,2,False,2026-08-11T01:24:00+00:00
2025-046,2025,46,,,wayback,https://web.archive.org/web/20251213104957id_/https://loteriasdepuertorico.pr.gov/wp-content/uploads/2025/11/Lista-Oficial-Web-465.pdf,20251213104957,pdfs/2025/Lista-Oficial-Web-465.pdf,f87ffe0243bec900149a93694f815d32c3f89689b1ae4aa03210c183bcb37704,3355456,2,False,2026-08-11T01:24:06+00:00
2025-048,2025,48,,,wayback,https://web.archive.org/web/20251213093153id_/https://loteriasdepuertorico.pr.gov/wp-content/uploads/2025/11/Lista-Oficial-Web-485.pdf,20251213093153,pdfs/2025/Lista-Oficial-Web-485.pdf,7a32c08e51acf864f2cdd5873ea03fa8ccd98a4c86ef4af171ac4d948c93dd5c,3493013,2,False,2026-08-11T01:24:09+00:00
2026-002,2026,2,,,wayback,https://web.archive.org/web/20260124231040id_/https://loteriasdepuertorico.pr.gov/wp-content/uploads/2026/01/Lista-Oficial-Web-026.pdf,20260124231040,pdfs/2026/Lista-Oficial-Web-026.pdf,be4653ce82a76db69d692e7b3a71c6627e06352aa2f8d1ab7bb3f4b06c733dd3,3525514,2,False,2026-08-11T01:24:11+00:00
2026-005,2026,5,,,wayback,https://web.archive.org/web/20260204101824id_/https://loteriasdepuertorico.pr.gov/wp-content/uploads/2026/01/Lista-Oficial-Web-056.pdf,20260204101824,pdfs/2026/Lista-Oficial-Web-056.pdf,1abe9f467e919d6c1792a1eefd0466da2b5bea778f7552e92c23386653e3ec0e,3425303,2,False,2026-08-11T01:24:14+00:00
2026-006,2026,6,,2026-02-05,live,https://loteriasdepuertorico.pr.gov/wp-content/uploads/2026/02/Lista-Oficial-Web-066.pdf,,pdfs/2026/Lista-Oficial-Web-066.pdf,112947320a42a77fb4758c5fd7ab1b346cafbcad40f918adeacfce9e80cd52a6,3388461,2,False,2026-08-11T01:09:34+00:00
2026-007S,2026,7,S,2026-02-12,live,https://loteriasdepuertorico.pr.gov/wp-content/uploads/2026/02/Lista-Oficial-Web-076S.pdf,,pdfs/2026/Lista-Oficial-Web-076S.pdf,1d82fa3db722d1568d17d10357208b5a691705d978fc79a694278bdcb3e4d164,3004379,2,False,2026-08-11T01:09:35+00:00
2026-008,2026,8,,2026-02-19,live,https://loteriasdepuertorico.pr.gov/wp-content/uploads/2026/02/Lista-Oficial-Web-086.pdf,,pdfs/2026/Lista-Oficial-Web-086.pdf,d567f750ac15c5de0c76e66e01d20ae3efdb14f10900cb1fe0734a9dfd3fdbfb,3282802,2,False,2026-08-11T01:09:37+00:00
2026-009,2026,9,,2026-02-26,live,https://loteriasdepuertorico.pr.gov/wp-content/uploads/2026/02/Lista-Oficial-Web-096.pdf,,pdfs/2026/Lista-Oficial-Web-096.pdf,1eb3cc3b0a83fa2568ba2aca2bb0831a40c2199d35c33225e0d2bf914bce05cc,3379254,2,False,2026-08-11T01:10:13+00:00
2026-010,2026,10,,2026-03-05,live,https://loteriasdepuertorico.pr.gov/wp-content/uploads/2026/03/Lista-Oficial-Web-106.pdf,,pdfs/2026/Lista-Oficial-Web-106.pdf,751daccc83b7f571b205ea2b773ae1681a30aad3079d6add5b61f807dfe52a39,3389686,2,False,2026-08-11T01:10:15+00:00
2026-011,2026,11,,2026-03-12,live,https://loteriasdepuertorico.pr.gov/wp-content/uploads/2026/03/Lista-Oficial-Web-116.pdf,,pdfs/2026/Lista-Oficial-Web-116.pdf,427337270e9f655ff414c9d0333766a89d0e7e338fe53646110827bda6695dea,3420606,2,False,2026-08-11T01:10:17+00:00
2026-012,2026,12,,2026-03-19,live,https://loteriasdepuertorico.pr.gov/wp-content/uploads/2026/03/Lista-Oficial-Web-126.pdf,,pdfs/2026/Lista-Oficial-Web-126.pdf,2c92378ddffcfbc75d94a22dd179df5ab9c727681e3edf3f114d287bfda4808e,3354910,2,False,2026-08-11T01:24:17+00:00
2026-013,2026,13,,2026-03-26,live,https://loteriasdepuertorico.pr.gov/wp-content/uploads/2026/03/Lista-Oficial-Web-136.pdf,,pdfs/2026/Lista-Oficial-Web-136.pdf,3c791ebfc475330bf9cdd3af4fafe220d6c5b83ca57df552e2d632355216c525,3592538,2,False,2026-08-11T01:24:18+00:00
2026-014,2026,14,,2026-04-01,live,https://loteriasdepuertorico.pr.gov/wp-content/uploads/2026/04/Lista-Oficial-Web-146.pdf,,pdfs/2026/Lista-Oficial-Web-146.pdf,267edb7cc8a7814fa10ecc9b521a34536138b2dee89446c8feabf98aff50080f,3219653,2,False,2026-08-11T01:24:20+00:00
2026-015,2026,15,,2026-04-09,live,https://loteriasdepuertorico.pr.gov/wp-content/uploads/2026/04/Lista-Oficial-Web-156.pdf,,pdfs/2026/Lista-Oficial-Web-156.pdf,d454c88d86078c600413770709502eb4a27b15f104e154a4bcca0e9b2308630d,3449949,2,False,2026-08-11T01:24:21+00:00
2026-016,2026,16,,2026-04-16,live,https://loteriasdepuertorico.pr.gov/wp-content/uploads/2026/04/Lista-Oficial-Web-166.pdf,,pdfs/2026/Lista-Oficial-Web-166.pdf,287ae9d3b4f25b6391c98e32d32fb28085012792da37f9303d1f79b28b869126,3587851,2,False,2026-08-11T01:24:23+00:00
2026-017,2026,17,,2026-04-23,live,https://loteriasdepuertorico.pr.gov/wp-content/uploads/2026/04/Lista-Oficial-Web-176.pdf,,pdfs/2026/Lista-Oficial-Web-176.pdf,1f372a1b6a7a47d05b73cf0c384137e962c582d259707b0d85d2d7eb994d37ed,3497277,2,False,2026-08-11T01:24:27+00:00
2026-018,2026,18,,2026-04-30,live,https://loteriasdepuertorico.pr.gov/wp-content/uploads/2026/04/Lista-Oficial-Web-186.pdf,,pdfs/2026/Lista-Oficial-Web-186.pdf,5782da3e4717d3f37fa429cf283709d1ce38ae2c9283bb1b01c2a4e1cf233ff4,3518056,2,False,2026-08-11T01:24:30+00:00
2026-019X,2026,19,X,2026-05-07,live,https://loteriasdepuertorico.pr.gov/wp-content/uploads/2026/05/Lista-Oficial-Web-196X.pdf,,pdfs/2026/Lista-Oficial-Web-196X.pdf,b15d9a0842c35a04642d65daaaf4a00e00dc8fd0685f5675381592d3408535e5,3682483,2,False,2026-08-11T01:24:36+00:00
2026-020,2026,20,,2026-05-14,live,https://loteriasdepuertorico.pr.gov/wp-content/uploads/2026/05/Lista-Oficial-Web-206.pdf,,pdfs/2026/Lista-Oficial-Web-206.pdf,5f59619c8a52945c7ff5f40002dc1a5bea87f9793bc504585b93c852cb0338b5,3677508,2,False,2026-08-11T01:24:41+00:00
2026-021,2026,21,,2026-05-21,live,https://loteriasdepuertorico.pr.gov/wp-content/uploads/2026/05/Lista-Oficial-Web-216.pdf,,pdfs/2026/Lista-Oficial-Web-216.pdf,cd967bb5818700d41d025b990d61da38e0a9417bcc93132420d40f6d32eeb7c8,3515917,2,False,2026-08-11T01:24:44+00:00
2026-022,2026,22,,2026-05-28,live,https://loteriasdepuertorico.pr.gov/wp-content/uploads/2026/05/Lista-Oficial-Web-226.pdf,,pdfs/2026/Lista-Oficial-Web-226.pdf,755d873a56a25cd6ce7f222da436ba8a686026602f8272bb09d7e70a8c0ce9e9,3602963,2,False,2026-08-11T01:24:48+00:00
2026-023,2026,23,,2026-06-04,live,https://loteriasdepuertorico.pr.gov/wp-content/uploads/2026/06/Lista-Oficial-Web-236.pdf,,pdfs/2026/Lista-Oficial-Web-236.pdf,8f0eab719c6d4d18aad41745545dc9ae9f767a6cb2b650cebb2a25a3a539c5e1,3381331,2,False,2026-08-11T01:24:52+00:00
2026-024,2026,24,,2026-06-11,live,https://loteriasdepuertorico.pr.gov/wp-content/uploads/2026/06/Lista-Oficial-Web-246.pdf,,pdfs/2026/Lista-Oficial-Web-246.pdf,4b4c14658fe04320b0d6b779e66001480bd5db5c0b9960c260faefa4f3c74909,3436458,2,False,2026-08-11T01:24:57+00:00
2026-025,2026,25,,2026-06-18,live,https://loteriasdepuertorico.pr.gov/wp-content/uploads/2026/06/Lista-Oficial-Web-256.pdf,,pdfs/2026/Lista-Oficial-Web-256.pdf,42e0af7169b6bd6cb950e9dda93f02fbb0eef0b01dd0a83b256716fd6574001d,3289798,2,False,2026-08-11T01:25:00+00:00
2026-026S,2026,26,S,2026-06-25,live,https://loteriasdepuertorico.pr.gov/wp-content/uploads/2026/06/Lista-Oficial-Web-266S.pdf,,pdfs/2026/Lista-Oficial-Web-266S.pdf,0c5e5274779fd1ed6f321d6ab1578fed05004716e029f74c256febf0179430c2,3041374,2,False,2026-08-11T01:25:04+00:00
2026-027,2026,27,,2026-07-02,live,https://loteriasdepuertorico.pr.gov/wp-content/uploads/2026/07/Lista-Oficial-Web-276.pdf,,pdfs/2026/Lista-Oficial-Web-276.pdf,7017324d6c8cbf5ffe23f6193c7f6f8a46290982bfb1cdc73016945bb9c60c4a,3305451,2,False,2026-08-11T01:25:07+00:00
2026-028,2026,28,,2026-07-09,live,https://loteriasdepuertorico.pr.gov/wp-content/uploads/2026/07/Lista-Oficial-Web-286.pdf,,pdfs/2026/Lista-Oficial-Web-286.pdf,0ea4cb75ce2e96d0e4955996c504b69f4fab163f9e3e216dc8464322750b400f,3366384,2,False,2026-08-11T01:25:11+00:00
2026-029,2026,29,,2026-07-16,live,https://loteriasdepuertorico.pr.gov/wp-content/uploads/2026/07/Lista-Oficial-Web-296.pdf,,pdfs/2026/Lista-Oficial-Web-296.pdf,0ee2f4f4d31cbfc96ed24d8d8ac282660b54bbe718716ad770b98e0e64ed2f00,3359609,2,False,2026-08-11T01:25:16+00:00
2026-030,2026,30,,2026-07-23,live,https://loteriasdepuertorico.pr.gov/wp-content/uploads/2026/07/Lista-Oficial-Web-306.pdf,,pdfs/2026/Lista-Oficial-Web-306.pdf,316b268d6ae96ac7bdf1af1a39dfc610981ebff731110d554956d63c06e3264f,3314583,2,False,2026-08-11T01:25:19+00:00
2026-031,2026,31,,2026-07-30,live,https://loteriasdepuertorico.pr.gov/wp-content/uploads/2026/07/Lista-Oficial-Web-316.pdf,,pdfs/2026/Lista-Oficial-Web-316.pdf,bebdfb77acc63eda87e4ebdc6f7ffb254ba5870fa43eae7bc5e690a6e9f841f9,3331400,2,False,2026-08-11T01:25:21+00:00
2026-032,2026,32,,2026-08-06,live,https://loteriasdepuertorico.pr.gov/wp-content/uploads/2026/08/Lista-Oficial-Web-326.pdf,,pdfs/2026/Lista-Oficial-Web-326.pdf,71b119aab886d8820b4e1c8cb93787c4d6725ab500453eecab4d965dae155a97,3235125,2,False,2026-08-11T01:25:23+00:00
